file_name,date,time,seq_id,species,max_count,start_time,end_time,duration_seconds,match,folder,gpt_species,gpt_count,gpt_summary,gpt_individuals,sample_image
Frames/202506/Aspen Meadow Spring Elk 1 Baby/frame_0001.jpg,2020-01-06,17:32:28,folder_Aspen Meadow Spring Elk 1 Baby_0,elk,2,2020-01-06 17:32:28,2020-01-06 17:33:00,32,True,Frames/202506/Aspen Meadow Spring Elk 1 Baby,Cervus canadensis (elk),2,"In an aspen meadow near Bailey or Evergreen, Colorado, a healthy elk calf and an adult elk are observed. The calf is walking and appears to be in good health, with visible spots on its coat. The adult elk is following closely, suggesting a parental relationship. The temperature is 43F, and the scene is captured in the late afternoon.","[{'id': 'elk_calf_1', 'species': 'Cervus canadensis (elk)', 'sex': 'unknown', 'approx_age': 'young', 'health': 'healthy', 'activity': 'walking', 'interaction': 'near elk_1', 'notes': 'Visible spots on coat indicating youth.'}, {'id': 'elk_1', 'species': 'Cervus canadensis (elk)', 'sex': 'unknown', 'approx_age': 'adult', 'health': 'healthy', 'activity': 'following', 'interaction': 'near elk_calf_1', 'notes': 'Likely a parent due to proximity to calf.'}]",images/Frames/202506/Aspen Meadow Spring Elk 1 Baby/frame_0001.jpg
Frames/202506/Aspen Meadow Spring Elk 10/frame_0001.jpg,2020-01-10,08:54:19,folder_Aspen Meadow Spring Elk 10_1,mule deer,1,2020-01-10 08:54:19,2020-01-10 08:54:37,18,False,Frames/202506/Aspen Meadow Spring Elk 10,Odocoileus hemionus (mule deer),1,"An adult mule deer is observed walking through an aspen meadow in the early morning. The temperature is 57F, and the deer appears healthy and alone, moving steadily through the area.","[{'id': 'deer_1', 'species': 'Odocoileus hemionus (mule deer)', 'sex': 'unknown', 'approx_age': 'adult', 'health': 'healthy', 'activity': 'walking', 'interaction': 'none', 'notes': 'The deer is moving through the meadow.'}]",images/Frames/202506/Aspen Meadow Spring Elk 10/frame_0001.jpg
Frames/202506/Aspen Meadow Spring Elk 11/frame_0015.jpg,2020-01-20,04:09:00,folder_Aspen Meadow Spring Elk 11_2,elk,3,2020-01-20 04:08:32,2020-01-20 04:09:20,48,True,Frames/202506/Aspen Meadow Spring Elk 11,Cervus canadensis (elk),2,"In an aspen meadow near Bailey or Evergreen, Colorado, an adult elk and a calf are observed. The adult elk appears alert, possibly watching over the calf, which is moving around. The temperature is 71F, indicating a warm environment. The scene captures a typical early morning interaction between an elk and its young.","[{'id': 'elk_1', 'species': 'Cervus canadensis (elk)', 'sex': 'unknown', 'approx_age': 'adult', 'health': 'healthy', 'activity': 'alert', 'interaction': 'near elk_calf_1', 'notes': 'Standing alert, possibly watching over calf.'}, {'id': 'elk_calf_1', 'species': 'Cervus canadensis (elk)', 'sex': 'unknown', 'approx_age': 'young', 'health': 'healthy', 'activity': 'walking', 'interaction': 'near elk_1', 'notes': 'Moving around the adult elk.'}]",images/Frames/202506/Aspen Meadow Spring Elk 11/frame_0001.jpg
Frames/202506/Aspen Meadow Spring Elk 2 Baby/frame_0031.jpg,2020-01-06,17:34:37,folder_Aspen Meadow Spring Elk 2 Baby_3,elk,2,2020-01-06 17:33:37,2020-01-06 17:35:05,88,True,Frames/202506/Aspen Meadow Spring Elk 2 Baby,Cervus canadensis (elk),2,"In an aspen meadow near Bailey or Evergreen, Colorado, two young elk calves are observed. The temperature is 46F, and the time is late afternoon. Elk_calf_1 is walking, while elk_calf_2 is grazing. Both appear healthy with the characteristic spotted coats of young elk. They are seen interacting closely, suggesting social behavior typical of young calves.","[{'id': 'elk_calf_1', 'species': 'Cervus canadensis (elk)', 'sex': 'unknown', 'approx_age': 'young', 'health': 'healthy', 'activity': 'walking', 'interaction': 'near elk_calf_2', 'notes': 'Spotted coat typical of young elk.'}, {'id': 'elk_calf_2', 'species': 'Cervus canadensis (elk)', 'sex': 'unknown', 'approx_age': 'young', 'health': 'healthy', 'activity': 'grazing', 'interaction': 'near elk_calf_1', 'notes': 'Spotted coat typical of young elk.'}]",images/Frames/202506/Aspen Meadow Spring Elk 2 Baby/frame_0001.jpg
Frames/202506/Aspen Meadow Spring Elk 3 Baby/frame_0001.jpg,2020-01-06,17:35:38,folder_Aspen Meadow Spring Elk 3 Baby_4,elk,2,2020-01-06 17:35:38,2020-01-06 17:37:30,112,True,Frames/202506/Aspen Meadow Spring Elk 3 Baby,Cervus canadensis (elk),2,"In an aspen meadow near Bailey or Evergreen, Colorado, two young elk calves are observed grazing together in the late afternoon. The temperature is 52F, and both calves appear healthy with characteristic white spots. Their close proximity suggests social behavior typical of young elk.","[{'id': 'elk_calf_1', 'species': 'Cervus canadensis (elk)', 'sex': 'unknown', 'approx_age': 'young', 'health': 'healthy', 'activity': 'grazing', 'interaction': 'near elk_calf_2', 'notes': 'Visible white spots typical of young elk.'}, {'id': 'elk_calf_2', 'species': 'Cervus canadensis (elk)', 'sex': 'unknown', 'approx_age': 'young', 'health': 'healthy', 'activity': 'grazing', 'interaction': 'near elk_calf_1', 'notes': 'Visible white spots typical of young elk.'}]",images/Frames/202506/Aspen Meadow Spring Elk 3 Baby/frame_0001.jpg
Frames/202506/Aspen Meadow Spring Elk 4/frame_0001.jpg,2020-01-20,01:28:39,folder_Aspen Meadow Spring Elk 4_5,blank,0,2020-01-20 01:28:39,2020-01-20 01:29:07,28,False,Frames/202506/Aspen Meadow Spring Elk 4,,0,"The camera trap images from an aspen meadow near Bailey or Evergreen, Colorado, show no visible wildlife activity during the early morning hours. The temperature is recorded at 73F, but no animals are present in the frames to observe any behavior or interactions.",[],images/Frames/202506/Aspen Meadow Spring Elk 4/frame_0001.jpg
Frames/202506/Aspen Meadow Spring Elk 5/frame_0001.jpg,2020-01-20,03:59:23,folder_Aspen Meadow Spring Elk 5_6,elk,1,2020-01-20 03:59:23,2020-01-20 03:59:53,30,True,Frames/202506/Aspen Meadow Spring Elk 5,Cervus canadensis (elk),1,"In the early morning hours, an adult elk is observed walking through a lush aspen meadow. The temperature is 57F, which is relatively mild for the time of day. The elk appears healthy and is alone, moving steadily through the grass.","[{'id': 'elk_1', 'species': 'Cervus canadensis (elk)', 'sex': 'unknown', 'approx_age': 'adult', 'health': 'healthy', 'activity': 'walking', 'interaction': 'none', 'notes': 'The elk is moving through the meadow.'}]",images/Frames/202506/Aspen Meadow Spring Elk 5/frame_0001.jpg
Frames/202506/Aspen Meadow Spring Elk 6/frame_0002.jpg,2020-01-20,04:02:01,folder_Aspen Meadow Spring Elk 6_7,elk,2,2020-01-20 04:01:59,2020-01-20 04:03:07,68,True,Frames/202506/Aspen Meadow Spring Elk 6,Cervus canadensis (elk),2,"In an aspen meadow near Bailey or Evergreen, Colorado, two young elk calves are observed walking together in the early morning. The temperature is a mild 59F. Both calves appear healthy with their characteristic spotted coats, indicating their young age. They are moving through the lush green grass, likely exploring or foraging in the meadow.","[{'id': 'elk_calf_1', 'species': 'Cervus canadensis (elk)', 'sex': 'unknown', 'approx_age': 'young', 'health': 'healthy', 'activity': 'walking', 'interaction': 'near elk_calf_2', 'notes': 'Spotted coat typical of young elk.'}, {'id': 'elk_calf_2', 'species': 'Cervus canadensis (elk)', 'sex': 'unknown', 'approx_age': 'young', 'health': 'healthy', 'activity': 'walking', 'interaction': 'near elk_calf_1', 'notes': 'Spotted coat typical of young elk.'}]",images/Frames/202506/Aspen Meadow Spring Elk 6/frame_0001.jpg
Frames/202506/Aspen Meadow Spring Elk 7/frame_0001.jpg,2020-01-20,04:03:40,folder_Aspen Meadow Spring Elk 7_8,elk,2,2020-01-20 04:03:40,2020-01-20 04:04:30,50,True,Frames/202506/Aspen Meadow Spring Elk 7,Cervus canadensis (elk),2,"In an aspen meadow near Bailey or Evergreen, Colorado, two young elk are observed grazing in the early morning at a temperature of 64F. Both appear healthy and are interacting closely as they feed. The scene captures a peaceful moment in the meadow, with the elk focused on grazing.","[{'id': 'elk_1', 'species': 'Cervus canadensis (elk)', 'sex': 'unknown', 'approx_age': 'young', 'health': 'healthy', 'activity': 'grazing', 'interaction': 'near elk_2', 'notes': 'Visible in all frames, primarily grazing.'}, {'id': 'elk_2', 'species': 'Cervus canadensis (elk)', 'sex': 'unknown', 'approx_age': 'young', 'health': 'healthy', 'activity': 'grazing', 'interaction': 'near elk_1', 'notes': 'Visible in all frames, primarily grazing.'}]",images/Frames/202506/Aspen Meadow Spring Elk 7/frame_0001.jpg
Frames/202506/Aspen Meadow Spring Elk 8/frame_0001.jpg,2020-01-20,04:05:04,folder_Aspen Meadow Spring Elk 8_9,elk,4,2020-01-20 04:05:04,2020-01-20 04:06:26,82,True,Frames/202506/Aspen Meadow Spring Elk 8,Cervus canadensis (elk),4,"In an aspen meadow, a group of elk, including one adult and three calves, are observed. The adult elk is grazing while one calf is nearby, also grazing. Two other calves are walking through the meadow. The temperature is 66F, and the scene is captured in the early morning.","[{'id': 'elk_1', 'species': 'Cervus canadensis (elk)', 'sex': 'unknown', 'approx_age': 'adult', 'health': 'healthy', 'activity': 'grazing', 'interaction': 'near elk_calf_1', 'notes': ''}, {'id': 'elk_calf_1', 'species': 'Cervus canadensis (elk)', 'sex': 'unknown', 'approx_age': 'young', 'health': 'healthy', 'activity': 'grazing', 'interaction': 'near elk_1', 'notes': ''}, {'id': 'elk_calf_2', 'species': 'Cervus canadensis (elk)', 'sex': 'unknown', 'approx_age': 'young', 'health': 'healthy', 'activity': 'walking', 'interaction': 'none', 'notes': ''}, {'id': 'elk_calf_3', 'species': 'Cervus canadensis (elk)', 'sex': 'unknown', 'approx_age': 'young', 'health': 'healthy', 'activity': 'walking', 'interaction': 'none', 'notes': ''}]",images/Frames/202506/Aspen Meadow Spring Elk 8/frame_0001.jpg
Frames/202506/Aspen Meadow Spring Elk 9/frame_0003.jpg,2020-01-20,04:07:04,folder_Aspen Meadow Spring Elk 9_10,elk,4,2020-01-20 04:07:00,2020-01-20 04:07:54,54,True,Frames/202506/Aspen Meadow Spring Elk 9,Cervus canadensis (elk),3,"In an aspen meadow, an adult elk is alert and observing two young calves engaged in playful behavior. The temperature is 71F, indicating a warm environment. The adult elk remains attentive while the calves interact energetically, suggesting a healthy and active group dynamic.","[{'id': 'elk_1', 'species': 'Cervus canadensis (elk)', 'sex': 'unknown', 'approx_age': 'adult', 'health': 'healthy', 'activity': 'alert', 'interaction': 'near elk_calf_1 and elk_calf_2', 'notes': 'Standing and observing the calves.'}, {'id': 'elk_calf_1', 'species': 'Cervus canadensis (elk)', 'sex': 'unknown', 'approx_age': 'young', 'health': 'healthy', 'activity': 'playing', 'interaction': 'near elk_1 and elk_calf_2', 'notes': 'Engaged in playful behavior with elk_calf_2.'}, {'id': 'elk_calf_2', 'species': 'Cervus canadensis (elk)', 'sex': 'unknown', 'approx_age': 'young', 'health': 'healthy', 'activity': 'playing', 'interaction': 'near elk_1 and elk_calf_1', 'notes': 'Engaged in playful behavior with elk_calf_1.'}]",images/Frames/202506/Aspen Meadow Spring Elk 9/frame_0001.jpg
Frames/202506/Birdbath Grey Fox 1/frame_0001.jpg,2025-05-31,11:27:35,folder_Birdbath Grey Fox 1_11,grey fox,1,2025-05-31 11:27:35,2025-05-31 11:28:03,28,True,Frames/202506/Birdbath Grey Fox 1,Vulpes vulpes (red fox),1,"An adult red fox is observed drinking from a water source at the edge of a pine forest. The temperature is 66F, indicating a mild day. The fox appears healthy and is alone, with no other animals present in the sequence.","[{'id': 'fox_1', 'species': 'Vulpes vulpes (red fox)', 'sex': 'unknown', 'approx_age': 'adult', 'health': 'healthy', 'activity': 'drinking', 'interaction': 'none', 'notes': 'The fox is drinking from a water source.'}]",images/Frames/202506/Birdbath Grey Fox 1/frame_0001.jpg
Frames/202506/Lodge Mink 1/frame_0001.jpg,2025-06-02,03:09:54,folder_Lodge Mink 1_12,mouse species,1,2025-06-02 03:09:54,2025-06-02 03:10:12,18,False,Frames/202506/Lodge Mink 1,Castor canadensis (beaver),2,"In the early morning hours near a riparian zone, two adult beavers were observed. One beaver was swimming in the water, while the other was on top of the lodge, possibly engaged in maintenance activities. The temperature was 36F, indicating a cool night. The scene suggests typical nocturnal behavior for beavers, with no immediate interactions between the individuals.","[{'id': 'beaver_1', 'species': 'Castor canadensis (beaver)', 'sex': 'unknown', 'approx_age': 'adult', 'health': 'healthy', 'activity': 'swimming', 'interaction': 'none', 'notes': 'Near the water, possibly maintaining the lodge.'}, {'id': 'beaver_2', 'species': 'Castor canadensis (beaver)', 'sex': 'unknown', 'approx_age': 'adult', 'health': 'healthy', 'activity': 'on lodge', 'interaction': 'none', 'notes': 'On top of the lodge, possibly foraging or maintaining structure.'}]",images/Frames/202506/Lodge Mink 1/frame_0001.jpg
Frames/202506/Mosquito Spring Bear 1/frame_0002.jpg,2025-06-21,15:39:28,folder_Mosquito Spring Bear 1_13,american black bear,2,2025-06-21 15:39:26,2025-06-21 15:40:12,46,True,Frames/202506/Mosquito Spring Bear 1,Ursus americanus (American black bear),1,"An adult American black bear is observed walking through a riparian zone near a stream in the afternoon. The temperature is notably high at 117F, which may influence the bear's behavior. The bear appears healthy and is moving steadily through the grassy area.","[{'id': 'bear_1', 'species': 'Ursus americanus (American black bear)', 'sex': 'unknown', 'approx_age': 'adult', 'health': 'healthy', 'activity': 'walking', 'interaction': 'none', 'notes': 'Bear is moving through a grassy area near a stream.'}]",images/Frames/202506/Mosquito Spring Bear 1/frame_0001.jpg
Frames/202506/Mosquito Spring Bear 3/frame_0001.jpg,2025-06-21,15:40:36,folder_Mosquito Spring Bear 3_14,american black bear,3,2025-06-21 15:40:36,2025-06-21 15:41:12,36,True,Frames/202506/Mosquito Spring Bear 3,Ursus americanus (American black bear),2,"In a forest edge habitat near Bailey or Evergreen, Colorado, an adult American black bear and its cub were observed walking together. The adult bear appeared healthy and was closely followed by the cub, indicating a typical parent-offspring interaction. The temperature was notably high at 122F, which may influence their activity levels during the day.","[{'id': 'bear_1', 'species': 'Ursus americanus (American black bear)', 'sex': 'unknown', 'approx_age': 'adult', 'health': 'healthy', 'activity': 'walking', 'interaction': 'near bear_cub_1', 'notes': 'Accompanied by a cub.'}, {'id': 'bear_cub_1', 'species': 'Ursus americanus (American black bear)', 'sex': 'unknown', 'approx_age': 'young', 'health': 'healthy', 'activity': 'walking', 'interaction': 'near bear_1', 'notes': 'Following adult bear.'}]",images/Frames/202506/Mosquito Spring Bear 3/frame_0001.jpg
Frames/202506/Mosquito Spring Bear 4/frame_0006.jpg,2025-06-21,15:41:39,folder_Mosquito Spring Bear 4_15,american black bear,2,2025-06-21 15:41:29,2025-06-21 15:41:57,28,True,Frames/202506/Mosquito Spring Bear 4,Ursus americanus (black bear),3,"The camera trap captured an adult black bear and two cubs walking through a riparian zone at 3:41 PM on June 21, 2025. The temperature was notably high at 124F. The adult bear was leading the way, with the cubs closely following, indicating a family group moving through the area. All individuals appeared healthy and were engaged in walking behavior.","[{'id': 'bear_1', 'species': 'Ursus americanus (black bear)', 'sex': 'unknown', 'approx_age': 'adult', 'health': 'healthy', 'activity': 'walking', 'interaction': 'near bear_cub_1 and bear_cub_2', 'notes': 'Adult bear likely accompanying cubs.'}, {'id': 'bear_cub_1', 'species': 'Ursus americanus (black bear)', 'sex': 'unknown', 'approx_age': 'young', 'health': 'healthy', 'activity': 'walking', 'interaction': 'near bear_1 and bear_cub_2', 'notes': 'Cub following adult bear.'}, {'id': 'bear_cub_2', 'species': 'Ursus americanus (black bear)', 'sex': 'unknown', 'approx_age': 'young', 'health': 'healthy', 'activity': 'walking', 'interaction': 'near bear_1 and bear_cub_1', 'notes': 'Cub following adult bear.'}]",images/Frames/202506/Mosquito Spring Bear 4/frame_0001.jpg
Frames/202506/Mosquito Spring Bear 5 !/frame_0001.jpg,2025-06-21,20:22:40,folder_Mosquito Spring Bear 5 !_16,american black bear,2,2025-06-21 20:22:40,2025-06-21 20:23:10,30,True,Frames/202506/Mosquito Spring Bear 5 !,Ursus americanus (American black bear),2,"In a riparian zone near Bailey or Evergreen, Colorado, two young American black bear cubs are observed playing together in the evening. The temperature is a mild 68F, and the cubs appear healthy and active, engaging in social interactions typical of their age. The scene captures a moment of playful behavior, indicative of a safe and nurturing environment.","[{'id': 'bear_cub_1', 'species': 'Ursus americanus (American black bear)', 'sex': 'unknown', 'approx_age': 'young', 'health': 'healthy', 'activity': 'playing', 'interaction': 'near bear_cub_2', 'notes': 'Engaged in playful behavior with another cub.'}, {'id': 'bear_cub_2', 'species': 'Ursus americanus (American black bear)', 'sex': 'unknown', 'approx_age': 'young', 'health': 'healthy', 'activity': 'playing', 'interaction': 'near bear_cub_1', 'notes': 'Engaged in playful behavior with another cub.'}]",images/Frames/202506/Mosquito Spring Bear 5 !/frame_0001.jpg
Frames/202506/Mosquito Spring Elk 1/frame_0001.jpg,2025-06-14,17:13:09,folder_Mosquito Spring Elk 1_17,elk,2,2025-06-14 17:13:09,2025-06-14 17:14:05,56,True,Frames/202506/Mosquito Spring Elk 1,Cervus canadensis (elk),2,"In an aspen meadow near Bailey or Evergreen, Colorado, an adult elk and a young calf are observed. The adult elk is grazing while the calf is walking nearby, indicating a typical mother-offspring interaction. The temperature is 70F, suggesting a mild afternoon. Both animals appear healthy and are engaged in normal foraging behavior.","[{'id': 'elk_1', 'species': 'Cervus canadensis (elk)', 'sex': 'unknown', 'approx_age': 'adult', 'health': 'healthy', 'activity': 'grazing', 'interaction': 'near elk_calf_1', 'notes': ''}, {'id': 'elk_calf_1', 'species': 'Cervus canadensis (elk)', 'sex': 'unknown', 'approx_age': 'young', 'health': 'healthy', 'activity': 'walking', 'interaction': 'near elk_1', 'notes': ''}]",images/Frames/202506/Mosquito Spring Elk 1/frame_0001.jpg
Frames/202506/Mosquito Spring Elk 2/frame_0005.jpg,2025-06-14,17:14:28,folder_Mosquito Spring Elk 2_18,elk,2,2025-06-14 17:14:20,2025-06-14 17:15:46,86,True,Frames/202506/Mosquito Spring Elk 2,Cervus canadensis (elk),2,"In a forest edge habitat near Bailey or Evergreen, Colorado, an adult elk and a calf are observed. The adult elk is grazing, while the calf follows closely and nurses. The temperature is 72F, indicating a warm afternoon. The elk appear healthy and are engaged in typical foraging and nurturing behaviors.","[{'id': 'elk_1', 'species': 'Cervus canadensis (elk)', 'sex': 'unknown', 'approx_age': 'adult', 'health': 'healthy', 'activity': 'grazing', 'interaction': 'near elk_calf_1', 'notes': 'Consistently grazing throughout the sequence.'}, {'id': 'elk_calf_1', 'species': 'Cervus canadensis (elk)', 'sex': 'unknown', 'approx_age': 'young', 'health': 'healthy', 'activity': 'following', 'interaction': 'near elk_1', 'notes': 'Following and nursing from elk_1.'}]",images/Frames/202506/Mosquito Spring Elk 2/frame_0001.jpg
Frames/202506/Mosquito Spring Moose 1/frame_0001.jpg,2025-06-16,13:26:55,folder_Mosquito Spring Moose 1_19,moose,1,2025-06-16 13:26:55,2025-06-16 13:27:23,28,True,Frames/202506/Mosquito Spring Moose 1,Alces alces (moose),1,"An adult moose is observed grazing in a forest edge habitat near Bailey or Evergreen, Colorado. The weather is sunny with a temperature of 79F. The moose appears healthy and is moving through the area, engaging in grazing behavior.","[{'id': 'moose_1', 'species': 'Alces alces (moose)', 'sex': 'unknown', 'approx_age': 'adult', 'health': 'healthy', 'activity': 'grazing', 'interaction': 'none', 'notes': 'The moose is seen grazing and moving through the area.'}]",images/Frames/202506/Mosquito Spring Moose 1/frame_0001.jpg
Frames/202506/Mosquito Spring Moose 2/frame_0001.jpg,2025-06-16,13:27:43,folder_Mosquito Spring Moose 2_20,cervidae family,2,2025-06-16 13:27:43,2025-06-16 13:28:13,30,False,Frames/202506/Mosquito Spring Moose 2,Alces alces (moose),2,"In a sunny forest edge habitat, an adult moose is seen walking with a young calf following closely behind. The temperature is warm at 81F, and the pair appears healthy and alert as they move through the area. The adult moose leads the way, indicating a typical parent-offspring dynamic.","[{'id': 'moose_1', 'species': 'Alces alces (moose)', 'sex': 'unknown', 'approx_age': 'adult', 'health': 'healthy', 'activity': 'walking', 'interaction': 'near moose_calf_1', 'notes': 'Leading the calf'}, {'id': 'moose_calf_1', 'species': 'Alces alces (moose)', 'sex': 'unknown', 'approx_age': 'young', 'health': 'healthy', 'activity': 'following', 'interaction': 'near moose_1', 'notes': 'Following the adult moose'}]",images/Frames/202506/Mosquito Spring Moose 2/frame_0001.jpg
Frames/202506/Mosquito Spring Mule Deer1/frame_0001.jpg,2025-06-24,19:32:48,folder_Mosquito Spring Mule Deer1_21,mule deer,1,2025-06-24 19:32:48,2025-06-24 19:33:32,44,True,Frames/202506/Mosquito Spring Mule Deer1,Odocoileus hemionus (mule deer),1,"An adult mule deer is observed browsing in a riparian zone near Bailey or Evergreen, Colorado. The deer appears healthy with antlers in velvet, indicating it is likely a male. The temperature is 57F in the early evening, which is a typical time for deer to be active. The habitat is lush and supports the deer's foraging behavior.","[{'id': 'deer_1', 'species': 'Odocoileus hemionus (mule deer)', 'sex': 'unknown', 'approx_age': 'adult', 'health': 'healthy', 'activity': 'browsing', 'interaction': 'none', 'notes': 'Antlers in velvet'}]",images/Frames/202506/Mosquito Spring Mule Deer1/frame_0001.jpg
Frames/202506/Rootball Spring Bear 1/frame_0001.jpg,2025-06-15,17:55:50,folder_Rootball Spring Bear 1_22,american black bear,1,2025-06-15 17:55:50,2025-06-15 17:56:18,28,True,Frames/202506/Rootball Spring Bear 1,Ursus americanus (American black bear),1,"In a mixed coniferous forest near Bailey or Evergreen, Colorado, an adult American black bear is observed walking near a small water source. The bear appears healthy and is moving through the area during the late afternoon with a temperature of 68F.","[{'id': 'bear_1', 'species': 'Ursus americanus (American black bear)', 'sex': 'unknown', 'approx_age': 'adult', 'health': 'healthy', 'activity': 'walking', 'interaction': 'none', 'notes': 'The bear is moving through the forest near a small water source.'}]",images/Frames/202506/Rootball Spring Bear 1/frame_0001.jpg
Frames/202506/Rootball Spring Bear 2/frame_0003.jpg,2025-06-23,09:09:40,folder_Rootball Spring Bear 2_23,american black bear,2,2025-06-23 09:09:36,2025-06-23 09:10:04,28,True,Frames/202506/Rootball Spring Bear 2,Ursus americanus (American black bear),1,"In a riparian zone near Bailey or Evergreen, Colorado, an adult American black bear was observed walking through the area at 09:09 AM. The temperature was 45F. The bear appeared healthy and was likely foraging. The scene was captured in a lush, green habitat typical of the region.","[{'id': 'bear_1', 'species': 'Ursus americanus (American black bear)', 'sex': 'unknown', 'approx_age': 'adult', 'health': 'healthy', 'activity': 'walking', 'interaction': 'none', 'notes': 'The bear is moving through the area, possibly foraging.'}]",images/Frames/202506/Rootball Spring Bear 2/frame_0001.jpg
Frames/202506/Rootball Spring Bobcat 1/frame_0001.jpg,2025-06-16,21:53:17,folder_Rootball Spring Bobcat 1_24,bobcat,1,2025-06-16 21:53:17,2025-06-16 21:53:35,18,True,Frames/202506/Rootball Spring Bobcat 1,Lynx rufus (bobcat),1,"A single adult bobcat was observed walking along the edge of a riparian zone at night. The temperature was 54F. The bobcat appeared healthy and was moving steadily, likely patrolling its territory or searching for prey.","[{'id': 'bobcat_1', 'species': 'Lynx rufus (bobcat)', 'sex': 'unknown', 'approx_age': 'adult', 'health': 'healthy', 'activity': 'walking', 'interaction': 'none', 'notes': 'The bobcat is moving along the edge of a water body.'}]",images/Frames/202506/Rootball Spring Bobcat 1/frame_0001.jpg
Frames/202506/WR Woods Bear 1/frame_0001.jpg,2025-06-18,06:52:50,folder_WR Woods Bear 1_25,american black bear,1,2025-06-18 06:52:50,2025-06-18 06:53:18,28,True,Frames/202506/WR Woods Bear 1,Ursus americanus (American black bear),1,"In the early morning, an adult American black bear was observed walking through a mixed coniferous forest near Bailey or Evergreen, Colorado. The temperature was 38F, suggesting a cool morning. The bear appeared healthy and was likely foraging as it moved through the area.","[{'id': 'bear_1', 'species': 'Ursus americanus (American black bear)', 'sex': 'unknown', 'approx_age': 'adult', 'health': 'healthy', 'activity': 'walking', 'interaction': 'none', 'notes': 'The bear is moving through the area, possibly foraging.'}]",images/Frames/202506/WR Woods Bear 1/frame_0001.jpg
Frames/202506/WR Woods Bear 2/frame_0001.jpg,2020-08-05,20:09:21,folder_WR Woods Bear 2_26,american black bear,1,2020-08-05 20:09:21,2020-08-05 20:09:49,28,True,Frames/202506/WR Woods Bear 2,Ursus americanus (American black bear),1,"An adult American black bear is observed walking through a mixed coniferous forest near Bailey or Evergreen, Colorado. The bear appears healthy and is moving steadily through the area. The temperature is 48F, and the time is early evening, suggesting the bear may be active during cooler parts of the day.","[{'id': 'bear_1', 'species': 'Ursus americanus (American black bear)', 'sex': 'unknown', 'approx_age': 'adult', 'health': 'healthy', 'activity': 'walking', 'interaction': 'none', 'notes': 'Bear is moving through the forest.'}]",images/Frames/202506/WR Woods Bear 2/frame_0001.jpg
Frames/202506/WR Woods Bear 3/frame_0001.jpg,2020-07-29,04:30:12,folder_WR Woods Bear 3_27,american black bear,1,2020-07-29 04:30:12,2020-07-29 04:30:40,28,True,Frames/202506/WR Woods Bear 3,Ursus americanus (American black bear),1,"An adult American black bear is observed walking through a mixed coniferous forest near Bailey or Evergreen, Colorado, at 4:30 AM. The temperature is 71F, indicating a warm early morning. The bear appears healthy and is likely foraging as it moves through the area.","[{'id': 'bear_1', 'species': 'Ursus americanus (American black bear)', 'sex': 'unknown', 'approx_age': 'adult', 'health': 'healthy', 'activity': 'walking', 'interaction': 'none', 'notes': 'The bear is moving through the forest, likely foraging.'}]",images/Frames/202506/WR Woods Bear 3/frame_0001.jpg
Frames/202506/WR Woods Bear 4 Cubs/frame_0006.jpg,2020-08-05,20:21:59,folder_WR Woods Bear 4 Cubs_28,american black bear,2,2020-08-05 20:21:49,2020-08-05 20:22:25,36,True,Frames/202506/WR Woods Bear 4 Cubs,Ursus americanus (American black bear),2,"In a mixed coniferous forest near Bailey or Evergreen, Colorado, an adult American black bear and a cub were observed moving through the area. The adult bear was walking, with the cub following closely behind. The temperature was 48F, and the scene was captured in the evening, suggesting typical foraging or movement behavior for this time of day.","[{'id': 'bear_1', 'species': 'Ursus americanus (American black bear)', 'sex': 'unknown', 'approx_age': 'adult', 'health': 'healthy', 'activity': 'walking', 'interaction': 'near bear_cub_1', 'notes': 'Adult bear moving through forest.'}, {'id': 'bear_cub_1', 'species': 'Ursus americanus (American black bear)', 'sex': 'unknown', 'approx_age': 'young', 'health': 'healthy', 'activity': 'following', 'interaction': 'near bear_1', 'notes': 'Cub following adult bear.'}]",images/Frames/202506/WR Woods Bear 4 Cubs/frame_0001.jpg
Frames/202506/WR Woods Fox 1 with Cottontail/frame_0003.jpg,2025-06-24,18:40:51,folder_WR Woods Fox 1 with Cottontail_29,red fox,2,2025-06-24 18:40:47,2025-06-24 18:41:15,28,True,Frames/202506/WR Woods Fox 1 with Cottontail,Canis latrans (coyote),1,"In a mixed coniferous forest near Bailey or Evergreen, Colorado, an adult coyote is observed carrying prey in its mouth. The scene occurs in the early evening with a temperature of 64Â°F. The coyote appears healthy and is moving through the area without any interaction with other animals.","[{'id': 'coyote_1', 'species': 'Canis latrans (coyote)', 'sex': 'unknown', 'approx_age': 'adult', 'health': 'healthy', 'activity': 'walking', 'interaction': 'none', 'notes': 'The coyote is carrying prey.'}]",images/Frames/202506/WR Woods Fox 1 with Cottontail/frame_0001.jpg
Frames/202506/WR Woods Fox 2/frame_0001.jpg,2025-06-24,19:29:27,folder_WR Woods Fox 2_30,red fox,1,2025-06-24 19:29:27,2025-06-24 19:29:55,28,True,Frames/202506/WR Woods Fox 2,Vulpes vulpes (red fox),1,"An adult red fox was observed walking through a mixed coniferous forest near Bailey or Evergreen, Colorado. The temperature was 62F in the early evening. The fox appeared healthy and was the only animal captured in this sequence.","[{'id': 'fox_1', 'species': 'Vulpes vulpes (red fox)', 'sex': 'unknown', 'approx_age': 'adult', 'health': 'healthy', 'activity': 'walking', 'interaction': 'none', 'notes': 'The fox is moving through the area.'}]",images/Frames/202506/WR Woods Fox 2/frame_0001.jpg
Frames/202506/WR Woods Fox 3/frame_0001.jpg,2025-06-24,19:29:51,folder_WR Woods Fox 3_31,red fox,1,2025-06-24 19:29:51,2025-06-24 19:30:19,28,True,Frames/202506/WR Woods Fox 3,Canis latrans (coyote),2,"In a mixed coniferous forest near Bailey or Evergreen, Colorado, two adult coyotes were observed walking together at 7:29 PM. The temperature was 59F. Both animals appeared healthy and were moving through the forest, possibly in search of food or patrolling their territory.","[{'id': 'coyote_1', 'species': 'Canis latrans (coyote)', 'sex': 'unknown', 'approx_age': 'adult', 'health': 'healthy', 'activity': 'walking', 'interaction': 'near coyote_2', 'notes': 'Moving through the forest'}, {'id': 'coyote_2', 'species': 'Canis latrans (coyote)', 'sex': 'unknown', 'approx_age': 'adult', 'health': 'healthy', 'activity': 'walking', 'interaction': 'near coyote_1', 'notes': 'Following coyote_1'}]",images/Frames/202506/WR Woods Fox 3/frame_0001.jpg
Frames/202506/Waxwing Spring Bear 1 Chunk/frame_0001.jpg,2025-05-24,07:57:28,folder_Waxwing Spring Bear 1 Chunk_32,american black bear,1,2025-05-24 07:57:28,2025-05-24 07:58:42,74,True,Frames/202506/Waxwing Spring Bear 1 Chunk,Ursus americanus (black bear),1,"In a riparian zone near Bailey or Evergreen, Colorado, an adult black bear is observed drinking from a small water source. The bear appears healthy and is alone, with no other animals present. The temperature is 46F, and the time is early morning, suggesting the bear is likely active and foraging during the cooler part of the day.","[{'id': 'bear_1', 'species': 'Ursus americanus (black bear)', 'sex': 'unknown', 'approx_age': 'adult', 'health': 'healthy', 'activity': 'drinking', 'interaction': 'none', 'notes': 'The bear is seen drinking from a small water source.'}]",images/Frames/202506/Waxwing Spring Bear 1 Chunk/frame_0001.jpg
Frames/202506/Waxwing Spring Bear 2/frame_0003.jpg,2025-05-24,08:01:02,folder_Waxwing Spring Bear 2_33,american black bear,2,2025-05-24 08:00:58,2025-05-24 08:01:26,28,True,Frames/202506/Waxwing Spring Bear 2,Ursus americanus (black bear),1,"In a riparian zone near Bailey or Evergreen, Colorado, an adult black bear was observed walking through the area at 8:00 AM. The temperature was 50F. The bear appeared healthy and was likely foraging as it moved through the habitat.","[{'id': 'bear_1', 'species': 'Ursus americanus (black bear)', 'sex': 'unknown', 'approx_age': 'adult', 'health': 'healthy', 'activity': 'walking', 'interaction': 'none', 'notes': 'Bear is moving through the area, possibly foraging.'}]",images/Frames/202506/Waxwing Spring Bear 2/frame_0001.jpg
Frames/202506/Waxwing Spring Bear 3/frame_0001.jpg,2025-05-24,21:01:28,folder_Waxwing Spring Bear 3_34,american black bear,1,2025-05-24 21:01:28,2025-05-24 21:01:46,18,True,Frames/202506/Waxwing Spring Bear 3,Ursus americanus (American black bear),1,"An adult American black bear is observed drinking from a water source in a riparian zone at night. The temperature is 49F, which is typical for this time of year in the area. The bear appears healthy and is alone, with no other animals present in the sequence.","[{'id': 'bear_1', 'species': 'Ursus americanus (American black bear)', 'sex': 'unknown', 'approx_age': 'adult', 'health': 'healthy', 'activity': 'drinking', 'interaction': 'none', 'notes': 'The bear is near a water source.'}]",images/Frames/202506/Waxwing Spring Bear 3/frame_0001.jpg
Frames/202506/Waxwing Spring Bear 4/frame_0001.jpg,2025-05-24,21:02:08,folder_Waxwing Spring Bear 4_35,american black bear,1,2025-05-24 21:02:08,2025-05-24 21:02:26,18,True,Frames/202506/Waxwing Spring Bear 4,Ursus americanus (American black bear),1,"An adult American black bear is observed in a riparian zone at night, near a water source. The bear appears healthy and is walking, possibly foraging or exploring the area. The temperature is 50F, which is typical for this time of year in the region.","[{'id': 'bear_1', 'species': 'Ursus americanus (American black bear)', 'sex': 'unknown', 'approx_age': 'adult', 'health': 'healthy', 'activity': 'walking', 'interaction': 'none', 'notes': 'The bear is near a water source, possibly foraging or exploring.'}]",images/Frames/202506/Waxwing Spring Bear 4/frame_0001.jpg
Frames/202506/Waxwing Spring Elk 1/frame_0002.jpg,2025-05-22,06:56:33,folder_Waxwing Spring Elk 1_36,elk,2,2025-05-22 06:56:31,2025-05-22 06:56:59,28,True,Frames/202506/Waxwing Spring Elk 1,Cervus canadensis (elk),1,"An adult elk is observed drinking from a small water source in a riparian zone near Bailey or Evergreen, Colorado. The temperature is 32F, indicating a cold morning. The elk appears healthy and is alone, with no other animals present in the sequence.","[{'id': 'elk_1', 'species': 'Cervus canadensis (elk)', 'sex': 'unknown', 'approx_age': 'adult', 'health': 'healthy', 'activity': 'drinking', 'interaction': 'none', 'notes': 'The elk is drinking from a small water source.'}]",images/Frames/202506/Waxwing Spring Elk 1/frame_0001.jpg
Frames/202506/Waxwing Spring Elk 2/frame_0009.jpg,2025-05-22,06:57:44,folder_Waxwing Spring Elk 2_37,elk,2,2025-05-22 06:57:28,2025-05-22 06:58:00,32,True,Frames/202506/Waxwing Spring Elk 2,Cervus canadensis (elk),1,"An adult elk is observed in a riparian zone near Bailey or Evergreen, Colorado, at 6:57 AM. The temperature is 36F. The elk appears healthy and is drinking from a small water source. The scene is typical of early morning activity in this habitat.","[{'id': 'elk_1', 'species': 'Cervus canadensis (elk)', 'sex': 'unknown', 'approx_age': 'adult', 'health': 'healthy', 'activity': 'drinking', 'interaction': 'none', 'notes': 'The elk is near a small water source.'}]",images/Frames/202506/Waxwing Spring Elk 2/frame_0001.jpg
Frames/202506/Waxwing Spring Elk 3/frame_0001.jpg,2025-06-03,10:16:44,folder_Waxwing Spring Elk 3_38,elk,1,2025-06-03 10:16:44,2025-06-03 10:17:12,28,True,Frames/202506/Waxwing Spring Elk 3,Cervus canadensis (elk),1,"An adult elk is observed walking through a riparian zone near a small water body. The temperature is 44F, and the elk appears healthy and is moving steadily through the area. The scene is captured in the morning, indicating typical diurnal activity for this species.","[{'id': 'elk_1', 'species': 'Cervus canadensis (elk)', 'sex': 'unknown', 'approx_age': 'adult', 'health': 'healthy', 'activity': 'walking', 'interaction': 'none', 'notes': 'The elk is moving through a riparian area.'}]",images/Frames/202506/Waxwing Spring Elk 3/frame_0001.jpg
Frames/202506/Waxwing Spring Grey Fox 1/frame_0001.jpg,2025-06-03,00:12:15,folder_Waxwing Spring Grey Fox 1_39,blank,1,2025-06-03 00:12:15,2025-06-03 00:12:33,18,False,Frames/202506/Waxwing Spring Grey Fox 1,Puma concolor (mountain lion),1,"A single adult mountain lion is observed walking through a riparian zone at night. The temperature is 46F, which is typical for this time of year in the area. The mountain lion appears healthy and is moving steadily, likely on a patrol or hunt.","[{'id': 'mountain_lion_1', 'species': 'Puma concolor (mountain lion)', 'sex': 'unknown', 'approx_age': 'adult', 'health': 'healthy', 'activity': 'walking', 'interaction': 'none', 'notes': 'The mountain lion is moving through the area.'}]",images/Frames/202506/Waxwing Spring Grey Fox 1/frame_0001.jpg
Frames/202506/Waxwing Spring Moose 1/frame_0001.jpg,2025-05-28,10:06:42,folder_Waxwing Spring Moose 1_40,moose,1,2025-05-28 10:06:42,2025-05-28 10:07:24,42,True,Frames/202506/Waxwing Spring Moose 1,Alces alces (moose),1,"A young moose is observed in a riparian zone near Bailey or Evergreen, Colorado, at 10:06 AM. The moose appears healthy and is drinking from a small water source. The temperature is 60F, which is typical for the time of year. The scene is calm with no other animals present.","[{'id': 'moose_1', 'species': 'Alces alces (moose)', 'sex': 'unknown', 'approx_age': 'young', 'health': 'healthy', 'activity': 'drinking', 'interaction': 'none', 'notes': 'The moose is near a small water source.'}]",images/Frames/202506/Waxwing Spring Moose 1/frame_0001.jpg
Frames/202506/Waxwing Spring Moose 2/frame_0001.jpg,2025-05-28,10:07:39,folder_Waxwing Spring Moose 2_41,moose,1,2025-05-28 10:07:39,2025-05-28 10:08:11,32,True,Frames/202506/Waxwing Spring Moose 2,Alces alces (moose),1,"A young moose is observed in a riparian zone near Bailey or Evergreen, Colorado, at 10:07 AM. The moose appears healthy and is drinking from a small stream. The temperature is 64F, and the scene captures the moose in a solitary activity without any interactions with other animals.","[{'id': 'moose_1', 'species': 'Alces alces (moose)', 'sex': 'unknown', 'approx_age': 'young', 'health': 'healthy', 'activity': 'drinking', 'interaction': 'none', 'notes': 'The moose is near a small stream.'}]",images/Frames/202506/Waxwing Spring Moose 2/frame_0001.jpg
Frames/202506/Waxwing x Spring Bear 1/frame_0012.jpg,2025-06-21,05:53:27,folder_Waxwing x Spring Bear 1_42,american black bear,3,2025-06-21 05:53:05,2025-06-21 05:53:59,54,True,Frames/202506/Waxwing x Spring Bear 1,Ursus americanus (American black bear),3,"In a riparian zone near Bailey or Evergreen, Colorado, an adult American black bear is observed leading two healthy cubs. The bears are walking through the area, likely exploring or foraging. The temperature is 50F, and the time is early morning, which is typical for bear activity. The adult bear appears to be guiding the cubs, indicating a family group dynamic.","[{'id': 'bear_1', 'species': 'Ursus americanus (American black bear)', 'sex': 'unknown', 'approx_age': 'adult', 'health': 'healthy', 'activity': 'walking', 'interaction': 'near bear_cub_1 and bear_cub_2', 'notes': 'Adult bear leading cubs'}, {'id': 'bear_cub_1', 'species': 'Ursus americanus (American black bear)', 'sex': 'unknown', 'approx_age': 'young', 'health': 'healthy', 'activity': 'following', 'interaction': 'near bear_1', 'notes': 'Cub following adult bear'}, {'id': 'bear_cub_2', 'species': 'Ursus americanus (American black bear)', 'sex': 'unknown', 'approx_age': 'young', 'health': 'healthy', 'activity': 'following', 'interaction': 'near bear_1', 'notes': 'Cub following adult bear'}]",images/Frames/202506/Waxwing x Spring Bear 1/frame_0001.jpg
Frames/202506/Waxwing x Spring Bear 10/frame_0010.jpg,2025-06-21,08:20:13,folder_Waxwing x Spring Bear 10_43,animal,2,2025-06-21 08:19:55,2025-06-21 08:20:23,28,False,Frames/202506/Waxwing x Spring Bear 10,,0,"The camera trap images from a riparian zone near Bailey or Evergreen, Colorado, show no visible wildlife activity during the morning at 75F. The habitat is characterized by dense vegetation and fallen logs, typical of a riparian area. The absence of animals in these frames suggests a quiet period in this ecosystem.",[],images/Frames/202506/Waxwing x Spring Bear 10/frame_0001.jpg
Frames/202506/Waxwing x Spring Bear 11/frame_0004.jpg,2025-06-21,08:22:52,folder_Waxwing x Spring Bear 11_44,mammal,3,2025-06-21 08:22:46,2025-06-21 08:23:14,28,False,Frames/202506/Waxwing x Spring Bear 11,Ursus americanus (black bear),2,"In a riparian zone near Bailey or Evergreen, Colorado, two young black bear cubs are observed playing near a small stream. The temperature is 72F, and the cubs appear healthy and active, engaging in social interactions typical of their age. The scene captures a moment of playful behavior in a lush, green habitat.","[{'id': 'bear_cub_1', 'species': 'Ursus americanus (black bear)', 'sex': 'unknown', 'approx_age': 'young', 'health': 'healthy', 'activity': 'playing', 'interaction': 'near bear_cub_2', 'notes': 'Engaged in playful behavior near a small stream.'}, {'id': 'bear_cub_2', 'species': 'Ursus americanus (black bear)', 'sex': 'unknown', 'approx_age': 'young', 'health': 'healthy', 'activity': 'playing', 'interaction': 'near bear_cub_1', 'notes': 'Engaged in playful behavior near a small stream.'}]",images/Frames/202506/Waxwing x Spring Bear 11/frame_0001.jpg
Frames/202506/Waxwing x Spring Bear 12/frame_0001.jpg,2025-06-21,08:23:22,folder_Waxwing x Spring Bear 12_45,carnivorous mammal,2,2025-06-21 08:23:22,2025-06-21 08:23:50,28,False,Frames/202506/Waxwing x Spring Bear 12,Ursus americanus (black bear),2,"In a riparian zone near Bailey or Evergreen, Colorado, two young black bear cubs are observed playing together in the morning light. The temperature is a warm 74F, and the cubs appear healthy and active, engaging in social play behavior. The scene captures a moment of youthful interaction in a lush, green habitat.","[{'id': 'bear_cub_1', 'species': 'Ursus americanus (black bear)', 'sex': 'unknown', 'approx_age': 'young', 'health': 'healthy', 'activity': 'playing', 'interaction': 'near bear_cub_2', 'notes': 'Visible in images 1 and 4'}, {'id': 'bear_cub_2', 'species': 'Ursus americanus (black bear)', 'sex': 'unknown', 'approx_age': 'young', 'health': 'healthy', 'activity': 'playing', 'interaction': 'near bear_cub_1', 'notes': 'Visible in images 1 and 4'}]",images/Frames/202506/Waxwing x Spring Bear 12/frame_0001.jpg
Frames/202506/Waxwing x Spring Bear 13/frame_0010.jpg,2025-06-21,08:26:06,folder_Waxwing x Spring Bear 13_46,carnivorous mammal,3,2025-06-21 08:25:48,2025-06-21 08:26:24,36,False,Frames/202506/Waxwing x Spring Bear 13,Ursus americanus (American black bear),2,"In a riparian zone near Bailey or Evergreen, Colorado, two young American black bear cubs are observed exploring the area. The temperature is 79F, and the cubs appear healthy and active, walking together through the habitat. Their behavior suggests curiosity and playfulness typical of young bears in a safe environment.","[{'id': 'bear_cub_1', 'species': 'Ursus americanus (American black bear)', 'sex': 'unknown', 'approx_age': 'young', 'health': 'healthy', 'activity': 'walking', 'interaction': 'near bear_cub_2', 'notes': 'Appears to be exploring the area.'}, {'id': 'bear_cub_2', 'species': 'Ursus americanus (American black bear)', 'sex': 'unknown', 'approx_age': 'young', 'health': 'healthy', 'activity': 'walking', 'interaction': 'near bear_cub_1', 'notes': 'Following bear_cub_1.'}]",images/Frames/202506/Waxwing x Spring Bear 13/frame_0001.jpg
Frames/202506/Waxwing x Spring Bear 14/frame_0008.jpg,2025-06-21,08:33:15,folder_Waxwing x Spring Bear 14_47,american black bear,1,2025-06-21 08:33:01,2025-06-21 08:34:07,66,True,Frames/202506/Waxwing x Spring Bear 14,Ursus americanus (American black bear),1,"An adult American black bear is observed resting in a riparian zone near a small stream. The bear appears healthy and is lying down in a sunny area, suggesting it might be taking advantage of the warm morning temperature of 77F. The habitat is characterized by dense vegetation and fallen logs, typical of a riparian zone in the Bailey or Evergreen, Colorado area.","[{'id': 'bear_1', 'species': 'Ursus americanus (American black bear)', 'sex': 'unknown', 'approx_age': 'adult', 'health': 'healthy', 'activity': 'resting', 'interaction': 'none', 'notes': 'Bear is lying down in a sunny area near a small stream.'}]",images/Frames/202506/Waxwing x Spring Bear 14/frame_0001.jpg
Frames/202506/Waxwing x Spring Bear 15/frame_0004.jpg,2025-06-21,10:56:04,folder_Waxwing x Spring Bear 15_48,american black bear,4,2025-06-21 10:55:58,2025-06-21 10:56:46,48,True,Frames/202506/Waxwing x Spring Bear 15,Ursus americanus (black bear),4,"A family of black bears, consisting of an adult and three cubs, is observed in a riparian zone. The adult bear is resting while the cubs are actively playing around. The temperature is warm at 82F, which may contribute to the playful behavior of the cubs. The scene captures a typical family dynamic in a natural habitat.","[{'id': 'bear_1', 'species': 'Ursus americanus (black bear)', 'sex': 'unknown', 'approx_age': 'adult', 'health': 'healthy', 'activity': 'resting', 'interaction': 'near bear_cub_1, bear_cub_2, bear_cub_3', 'notes': 'Adult bear with cubs'}, {'id': 'bear_cub_1', 'species': 'Ursus americanus (black bear)', 'sex': 'unknown', 'approx_age': 'young', 'health': 'healthy', 'activity': 'playing', 'interaction': 'near bear_1, bear_cub_2, bear_cub_3', 'notes': 'Cub playing near adult'}, {'id': 'bear_cub_2', 'species': 'Ursus americanus (black bear)', 'sex': 'unknown', 'approx_age': 'young', 'health': 'healthy', 'activity': 'playing', 'interaction': 'near bear_1, bear_cub_1, bear_cub_3', 'notes': 'Cub playing near adult'}, {'id': 'bear_cub_3', 'species': 'Ursus americanus (black bear)', 'sex': 'unknown', 'approx_age': 'young', 'health': 'healthy', 'activity': 'playing', 'interaction': 'near bear_1, bear_cub_1, bear_cub_2', 'notes': 'Cub playing near adult'}]",images/Frames/202506/Waxwing x Spring Bear 15/frame_0001.jpg
Frames/202506/Waxwing x Spring Bear 16/frame_0008.jpg,2025-06-21,11:00:37,folder_Waxwing x Spring Bear 16_49,american black bear,4,2025-06-21 11:00:23,2025-06-21 11:00:51,28,True,Frames/202506/Waxwing x Spring Bear 16,Ursus americanus (American black bear),2,"In a riparian zone near Bailey or Evergreen, Colorado, two young American black bear cubs were observed playing together. The temperature was 91F, indicating a warm day. The cubs appeared healthy and were actively interacting with each other, showcasing typical playful behavior for their age.","[{'id': 'bear_cub_1', 'species': 'Ursus americanus (American black bear)', 'sex': 'unknown', 'approx_age': 'young', 'health': 'healthy', 'activity': 'playing', 'interaction': 'near bear_cub_2', 'notes': 'Engaged in playful behavior with another cub.'}, {'id': 'bear_cub_2', 'species': 'Ursus americanus (American black bear)', 'sex': 'unknown', 'approx_age': 'young', 'health': 'healthy', 'activity': 'playing', 'interaction': 'near bear_cub_1', 'notes': 'Engaged in playful behavior with another cub.'}]",images/Frames/202506/Waxwing x Spring Bear 16/frame_0001.jpg
Frames/202506/Waxwing x Spring Bear 2/frame_0001.jpg,2025-06-21,05:54:05,folder_Waxwing x Spring Bear 2_50,american black bear,2,2025-06-21 05:54:05,2025-06-21 05:54:39,34,True,Frames/202506/Waxwing x Spring Bear 2,Ursus americanus (black bear),1,"In the early morning, an adult black bear was observed walking through a riparian zone near a small stream. The bear appeared healthy and was likely following the water source. The temperature was a cool 55F, typical for this time of day in the area.","[{'id': 'bear_1', 'species': 'Ursus americanus (black bear)', 'sex': 'unknown', 'approx_age': 'adult', 'health': 'healthy', 'activity': 'walking', 'interaction': 'none', 'notes': 'Bear is moving through the area, likely following the stream.'}]",images/Frames/202506/Waxwing x Spring Bear 2/frame_0001.jpg
Frames/202506/Waxwing x Spring Bear 3/frame_0001.jpg,2025-06-21,08:12:44,folder_Waxwing x Spring Bear 3_51,american black bear,3,2025-06-21 08:12:44,2025-06-21 08:13:12,28,True,Frames/202506/Waxwing x Spring Bear 3,Ursus americanus (black bear),3,"In a riparian zone near Bailey or Evergreen, Colorado, an adult black bear is seen walking with two healthy cubs. The temperature is 63F, and the bears are moving through the area, likely exploring or foraging. The presence of the cubs suggests a family group, with the adult bear leading the way.","[{'id': 'bear_1', 'species': 'Ursus americanus (black bear)', 'sex': 'unknown', 'approx_age': 'adult', 'health': 'healthy', 'activity': 'walking', 'interaction': 'near bear_cub_1 and bear_cub_2', 'notes': 'Accompanied by two cubs.'}, {'id': 'bear_cub_1', 'species': 'Ursus americanus (black bear)', 'sex': 'unknown', 'approx_age': 'young', 'health': 'healthy', 'activity': 'walking', 'interaction': 'near bear_1 and bear_cub_2', 'notes': 'Following adult bear.'}, {'id': 'bear_cub_2', 'species': 'Ursus americanus (black bear)', 'sex': 'unknown', 'approx_age': 'young', 'health': 'healthy', 'activity': 'walking', 'interaction': 'near bear_1 and bear_cub_1', 'notes': 'Following adult bear.'}]",images/Frames/202506/Waxwing x Spring Bear 3/frame_0001.jpg
Frames/202506/Waxwing x Spring Bear 4/frame_0007.jpg,2025-06-21,08:13:55,folder_Waxwing x Spring Bear 4_52,american black bear,2,2025-06-21 08:13:43,2025-06-21 08:14:27,44,True,Frames/202506/Waxwing x Spring Bear 4,Ursus americanus (black bear),3,"In a riparian zone near Bailey or Evergreen, Colorado, an adult black bear is resting while two cubs play nearby. The scene is captured in the morning with a temperature of 66F. The bears appear healthy and are engaging in typical social behavior for a family group.","[{'id': 'bear_1', 'species': 'Ursus americanus (black bear)', 'sex': 'unknown', 'approx_age': 'adult', 'health': 'healthy', 'activity': 'resting', 'interaction': 'near bear_cub_1 and bear_cub_2', 'notes': 'Adult bear resting near cubs.'}, {'id': 'bear_cub_1', 'species': 'Ursus americanus (black bear)', 'sex': 'unknown', 'approx_age': 'young', 'health': 'healthy', 'activity': 'playing', 'interaction': 'near bear_1 and bear_cub_2', 'notes': 'Cub playing in the grass.'}, {'id': 'bear_cub_2', 'species': 'Ursus americanus (black bear)', 'sex': 'unknown', 'approx_age': 'young', 'health': 'healthy', 'activity': 'playing', 'interaction': 'near bear_1 and bear_cub_1', 'notes': 'Cub playing in the grass.'}]",images/Frames/202506/Waxwing x Spring Bear 4/frame_0001.jpg
Frames/202506/Waxwing x Spring Bear 5/frame_0003.jpg,2025-06-21,08:14:47,folder_Waxwing x Spring Bear 5_53,american black bear,2,2025-06-21 08:14:43,2025-06-21 08:15:27,44,True,Frames/202506/Waxwing x Spring Bear 5,Ursus americanus (black bear),2,"In a riparian zone near Bailey or Evergreen, Colorado, an adult black bear and its cub are observed moving through a stream. The adult bear appears healthy and is walking, while the cub follows closely. The temperature is 70F, indicating a warm morning. The bears are likely foraging or traveling through their habitat.","[{'id': 'bear_1', 'species': 'Ursus americanus (black bear)', 'sex': 'unknown', 'approx_age': 'adult', 'health': 'healthy', 'activity': 'walking', 'interaction': 'near bear_cub_1', 'notes': 'Adult bear moving through the stream.'}, {'id': 'bear_cub_1', 'species': 'Ursus americanus (black bear)', 'sex': 'unknown', 'approx_age': 'young', 'health': 'healthy', 'activity': 'following', 'interaction': 'near bear_1', 'notes': 'Cub following the adult bear.'}]",images/Frames/202506/Waxwing x Spring Bear 5/frame_0001.jpg
Frames/202506/Waxwing x Spring Bear 6/frame_0001.jpg,2025-06-21,08:15:37,folder_Waxwing x Spring Bear 6_54,american black bear,1,2025-06-21 08:15:37,2025-06-21 08:16:05,28,True,Frames/202506/Waxwing x Spring Bear 6,Ursus americanus (American black bear),1,"An adult American black bear is observed walking through a mixed forest habitat near Bailey or Evergreen, Colorado. The bear appears healthy and is moving steadily through the area. The temperature is 73F, indicating a warm morning.","[{'id': 'bear_1', 'species': 'Ursus americanus (American black bear)', 'sex': 'unknown', 'approx_age': 'adult', 'health': 'healthy', 'activity': 'walking', 'interaction': 'none', 'notes': 'Bear is moving through a forested area.'}]",images/Frames/202506/Waxwing x Spring Bear 6/frame_0001.jpg
Frames/202506/Waxwing x Spring Bear 7/frame_0002.jpg,2025-06-21,08:16:13,folder_Waxwing x Spring Bear 7_55,american black bear,2,2025-06-21 08:16:11,2025-06-21 08:16:39,28,True,Frames/202506/Waxwing x Spring Bear 7,Ursus americanus (black bear),2,"In a riparian zone near Bailey or Evergreen, Colorado, an adult black bear and a cub are observed at 8:16 AM. The adult bear is walking through the area, with the cub following closely. The temperature is 75F, indicating a warm morning. Both bears appear healthy and are moving through the habitat together.","[{'id': 'bear_1', 'species': 'Ursus americanus (black bear)', 'sex': 'unknown', 'approx_age': 'adult', 'health': 'healthy', 'activity': 'walking', 'interaction': 'near bear_cub_1', 'notes': 'Adult bear moving through the area.'}, {'id': 'bear_cub_1', 'species': 'Ursus americanus (black bear)', 'sex': 'unknown', 'approx_age': 'young', 'health': 'healthy', 'activity': 'following', 'interaction': 'near bear_1', 'notes': 'Cub following the adult bear.'}]",images/Frames/202506/Waxwing x Spring Bear 7/frame_0001.jpg
Frames/202506/Waxwing x Spring Bear 8/frame_0008.jpg,2025-06-21,08:18:17,folder_Waxwing x Spring Bear 8_56,american black bear,3,2025-06-21 08:18:03,2025-06-21 08:18:31,28,True,Frames/202506/Waxwing x Spring Bear 8,Ursus americanus (American black bear),3,"In a riparian zone near Bailey or Evergreen, Colorado, an adult American black bear is observed with two cubs. The adult bear appears healthy and is walking, while the cubs are engaged in playful behavior. The temperature is 73F, indicating a warm morning. The family group is interacting closely, suggesting a nurturing environment.","[{'id': 'bear_1', 'species': 'Ursus americanus (American black bear)', 'sex': 'unknown', 'approx_age': 'adult', 'health': 'healthy', 'activity': 'walking', 'interaction': 'near bear_cub_1 and bear_cub_2', 'notes': 'Accompanied by two cubs.'}, {'id': 'bear_cub_1', 'species': 'Ursus americanus (American black bear)', 'sex': 'unknown', 'approx_age': 'young', 'health': 'healthy', 'activity': 'playing', 'interaction': 'near bear_1 and bear_cub_2', 'notes': 'Engaged in playful behavior.'}, {'id': 'bear_cub_2', 'species': 'Ursus americanus (American black bear)', 'sex': 'unknown', 'approx_age': 'young', 'health': 'healthy', 'activity': 'playing', 'interaction': 'near bear_1 and bear_cub_1', 'notes': 'Engaged in playful behavior.'}]",images/Frames/202506/Waxwing x Spring Bear 8/frame_0001.jpg
Frames/202506/Waxwing x Spring Bear 9/frame_0006.jpg,2025-06-21,08:18:50,folder_Waxwing x Spring Bear 9_57,american black bear,3,2025-06-21 08:18:40,2025-06-21 08:19:10,30,True,Frames/202506/Waxwing x Spring Bear 9,Ursus americanus (American black bear),2,"In a riparian zone near Bailey or Evergreen, Colorado, an adult American black bear and a cub are observed. The adult bear is walking while the cub is playing nearby. The temperature is 74F, and the scene occurs in the morning. The bears appear healthy and are interacting closely, typical of a mother-cub dynamic.","[{'id': 'bear_1', 'species': 'Ursus americanus (American black bear)', 'sex': 'unknown', 'approx_age': 'adult', 'health': 'healthy', 'activity': 'walking', 'interaction': 'near bear_cub_1', 'notes': 'Adult bear moving through the area.'}, {'id': 'bear_cub_1', 'species': 'Ursus americanus (American black bear)', 'sex': 'unknown', 'approx_age': 'young', 'health': 'healthy', 'activity': 'playing', 'interaction': 'near bear_1', 'notes': 'Cub engaging in playful behavior.'}]",images/Frames/202506/Waxwing x Spring Bear 9/frame_0001.jpg
Frames/202506/Waxwing x Spring Coyote 1/frame_0001.jpg,2025-06-16,17:58:52,folder_Waxwing x Spring Coyote 1_58,coyote,1,2025-06-16 17:58:52,2025-06-16 17:59:20,28,True,Frames/202506/Waxwing x Spring Coyote 1,Canis latrans (coyote),1,"An adult coyote is observed in a riparian zone near Bailey or Evergreen, Colorado, drinking from a small water source. The temperature is 79F, indicating a warm day. The coyote appears healthy and is alone, with no other animals present in the sequence.","[{'id': 'coyote_1', 'species': 'Canis latrans (coyote)', 'sex': 'unknown', 'approx_age': 'adult', 'health': 'healthy', 'activity': 'drinking', 'interaction': 'none', 'notes': 'The coyote is seen drinking from a small water source.'}]",images/Frames/202506/Waxwing x Spring Coyote 1/frame_0001.jpg
Frames/202506/Waxwing x Spring Elk 1/frame_0016.jpg,2025-06-24,19:59:06,folder_Waxwing x Spring Elk 1_59,elk,2,2025-06-24 19:58:36,2025-06-24 19:59:14,38,True,Frames/202506/Waxwing x Spring Elk 1,Cervus canadensis (elk),1,"An adult elk is observed in a riparian zone near Bailey or Evergreen, Colorado, during the evening at 56Â°F. The elk appears healthy and is engaged in browsing near a small stream, indicating foraging behavior. The scene is typical of a riparian habitat, providing ample vegetation for browsing.","[{'id': 'elk_1', 'species': 'Cervus canadensis (elk)', 'sex': 'unknown', 'approx_age': 'adult', 'health': 'healthy', 'activity': 'browsing', 'interaction': 'none', 'notes': 'The elk is near a small stream, likely foraging.'}]",images/Frames/202506/Waxwing x Spring Elk 1/frame_0001.jpg
Frames/202506/Wetlands Elk 1 Baby/frame_0003.jpg,2025-06-02,07:32:00,folder_Wetlands Elk 1 Baby_60,elk,2,2025-06-02 07:31:56,2025-06-02 07:32:34,38,True,Frames/202506/Wetlands Elk 1 Baby,Cervus canadensis (elk),2,"In a riparian zone near Bailey or Evergreen, Colorado, an adult elk and a calf are observed crossing a shallow water body in the early morning. The adult elk, appearing healthy, leads the way while the calf follows closely. The temperature is 62F, which is typical for this time of day, and the elk seem to be moving purposefully through the habitat.","[{'id': 'elk_1', 'species': 'Cervus canadensis (elk)', 'sex': 'unknown', 'approx_age': 'adult', 'health': 'healthy', 'activity': 'walking', 'interaction': 'near elk_calf_1', 'notes': 'Leading calf through water'}, {'id': 'elk_calf_1', 'species': 'Cervus canadensis (elk)', 'sex': 'unknown', 'approx_age': 'young', 'health': 'healthy', 'activity': 'following', 'interaction': 'near elk_1', 'notes': 'Following adult elk'}]",images/Frames/202506/Wetlands Elk 1 Baby/frame_0001.jpg
Frames/202506/Wetlands Elk 2/frame_0002.jpg,2025-06-03,20:19:18,folder_Wetlands Elk 2_61,elk,8,2025-06-03 20:19:16,2025-06-03 20:19:44,28,True,Frames/202506/Wetlands Elk 2,Cervus canadensis (elk),7,"A group of seven adult elk are observed in a riparian zone near Bailey or Evergreen, Colorado. The scene is captured in the evening at 42Â°F. The elk are primarily engaged in walking and drinking activities, with some crossing a water body. The habitat is lush and wet, typical of a riparian zone, providing a suitable environment for these elk. The animals appear healthy and are moving through the area without any notable interactions.","[{'id': 'elk_1', 'species': 'Cervus canadensis (elk)', 'sex': 'unknown', 'approx_age': 'adult', 'health': 'healthy', 'activity': 'standing', 'interaction': 'none', 'notes': 'Near water'}, {'id': 'elk_2', 'species': 'Cervus canadensis (elk)', 'sex': 'unknown', 'approx_age': 'adult', 'health': 'healthy', 'activity': 'drinking', 'interaction': 'none', 'notes': 'In water'}, {'id': 'elk_3', 'species': 'Cervus canadensis (elk)', 'sex': 'unknown', 'approx_age': 'adult', 'health': 'healthy', 'activity': 'walking', 'interaction': 'none', 'notes': 'Crossing water'}, {'id': 'elk_4', 'species': 'Cervus canadensis (elk)', 'sex': 'unknown', 'approx_age': 'adult', 'health': 'healthy', 'activity': 'walking', 'interaction': 'none', 'notes': 'Crossing water'}, {'id': 'elk_5', 'species': 'Cervus canadensis (elk)', 'sex': 'unknown', 'approx_age': 'adult', 'health': 'healthy', 'activity': 'walking', 'interaction': 'none', 'notes': 'Crossing water'}, {'id': 'elk_6', 'species': 'Cervus canadensis (elk)', 'sex': 'unknown', 'approx_age': 'adult', 'health': 'healthy', 'activity': 'walking', 'interaction': 'none', 'notes': 'Crossing water'}, {'id': 'elk_7', 'species': 'Cervus canadensis (elk)', 'sex': 'unknown', 'approx_age': 'adult', 'health': 'healthy', 'activity': 'walking', 'interaction': 'none', 'notes': 'Crossing water'}]",images/Frames/202506/Wetlands Elk 2/frame_0001.jpg
Frames/202506/Wetlands Moose 1/frame_0001.jpg,2025-06-12,13:06:53,folder_Wetlands Moose 1_62,mammal,2,2025-06-12 13:06:53,2025-06-12 13:07:21,28,False,Frames/202506/Wetlands Moose 1,Alces alces (moose),2,"In a riparian zone near Bailey or Evergreen, Colorado, an adult moose and a calf are observed moving through a wetland area. The adult moose is walking through the water, with the calf closely following. The temperature is 74F, indicating a warm day. The moose appear healthy and are likely foraging or moving to a new location.","[{'id': 'moose_1', 'species': 'Alces alces (moose)', 'sex': 'unknown', 'approx_age': 'adult', 'health': 'healthy', 'activity': 'walking', 'interaction': 'near moose_calf_1', 'notes': 'Moving through water'}, {'id': 'moose_calf_1', 'species': 'Alces alces (moose)', 'sex': 'unknown', 'approx_age': 'young', 'health': 'healthy', 'activity': 'following', 'interaction': 'near moose_1', 'notes': 'Following adult moose'}]",images/Frames/202506/Wetlands Moose 1/frame_0001.jpg
Frames/202506/Wetlands Moose 2/frame_0027.jpg,2025-06-24,18:03:47,folder_Wetlands Moose 2_63,moose,3,2025-06-24 18:02:55,2025-06-24 18:04:07,72,True,Frames/202506/Wetlands Moose 2,Alces alces (moose),2,"In a riparian zone near Bailey or Evergreen, Colorado, an adult moose and a calf are observed walking together. The adult moose, likely a mother, is healthy and closely followed by the young calf. The temperature is 64F, and the scene is captured in the early evening.","[{'id': 'moose_1', 'species': 'Alces alces (moose)', 'sex': 'unknown', 'approx_age': 'adult', 'health': 'healthy', 'activity': 'walking', 'interaction': 'near moose_calf_1', 'notes': 'Appears to be a mother moose.'}, {'id': 'moose_calf_1', 'species': 'Alces alces (moose)', 'sex': 'unknown', 'approx_age': 'young', 'health': 'healthy', 'activity': 'walking', 'interaction': 'near moose_1', 'notes': 'Following the adult moose.'}]",images/Frames/202506/Wetlands Moose 2/frame_0001.jpg
Frames/202506/Wetlands Mule Deer 1/frame_0001.jpg,2025-06-12,06:06:38,folder_Wetlands Mule Deer 1_64,mule deer,3,2025-06-12 06:06:38,2025-06-12 06:07:06,28,True,Frames/202506/Wetlands Mule Deer 1,Odocoileus hemionus (mule deer),3,"In a riparian zone near Bailey or Evergreen, Colorado, three healthy adult mule deer are observed. The first two deer are running through the water, with the second following the first. The third deer is alert and appears to be observing its surroundings. The temperature is 53F, and the time is early morning, suggesting active movement during cooler hours.","[{'id': 'deer_1', 'species': 'Odocoileus hemionus (mule deer)', 'sex': 'unknown', 'approx_age': 'adult', 'health': 'healthy', 'activity': 'running', 'interaction': 'none', 'notes': 'Leading the group through water.'}, {'id': 'deer_2', 'species': 'Odocoileus hemionus (mule deer)', 'sex': 'unknown', 'approx_age': 'adult', 'health': 'healthy', 'activity': 'running', 'interaction': 'following deer_1', 'notes': 'Following the first deer.'}, {'id': 'deer_3', 'species': 'Odocoileus hemionus (mule deer)', 'sex': 'unknown', 'approx_age': 'adult', 'health': 'healthy', 'activity': 'alert', 'interaction': 'none', 'notes': 'Appears to be observing the surroundings.'}]",images/Frames/202506/Wetlands Mule Deer 1/frame_0001.jpg
